{
  "desiredRTP": 80,
  "payoutArray": [
    [
      3.2
    ],
    [
      1.6,
      3.2
    ],
    [
      1.0666666666666667,
      2.1333333333333333,
      3.2000000000000006
    ],
    [
      0.8,
      1.6,
      2.4000000000000004,
      3.2
    ],
    [
      0.64,
      1.28,
      1.9200000000000004,
      2.56,
      3.2
    ],
    [
      0.5333333333333333,
      1.0666666666666667,
      1.6000000000000003,
      2.1333333333333333,
      2.6666666666666665,
      3.2000000000000006
    ],
    [
      0.4571428571428572,
      0.9142857142857144,
      1.3714285714285717,
      1.8285714285714287,
      2.2857142857142856,
      2.7428571428571433,
      3.2
    ],
    [
      0.4,
      0.8,
      1.2000000000000002,
      1.6,
      2,
      2.4000000000000004,
      2.8000000000000003,
      3.2
    ],
    [
      0.35555555555555557,
      0.7111111111111111,
      1.0666666666666669,
      1.4222222222222223,
      1.7777777777777777,
      2.1333333333333337,
      2.488888888888889,
      2.8444444444444446,
      3.2
    ],
    [
      0.32,
      0.64,
      0.9600000000000002,
      1.28,
      1.6,
      1.9200000000000004,
      2.24,
      2.56,
      2.88,
      3.2
    ]
  ]
}